{"cameraMode":{"drawMode":0,"name":"Shaded","section":"Shading Mode"},"sceneLighting":false,"audioPlay":false,"sceneViewState":{"showFog":true,"showMaterialUpdate":false,"showSkybox":true,"showFlares":true,"showImageEffects":true,"showParticleSystems":true},"in2DMode":false,"pivot":{"x":2.109999895095825,"y":1.880000114440918,"z":-4.150000095367432},"rotation":{"x":0.33405646681785586,"y":0.15176735818386079,"z":-0.05459249019622803,"w":0.928650975227356},"size":4.041658401489258,"orthographic":false}