{"cameraMode":{"drawMode":0,"name":"Shaded","section":"Shading Mode"},"sceneLighting":false,"audioPlay":false,"sceneViewState":{"showFog":true,"showMaterialUpdate":false,"showSkybox":true,"showFlares":true,"showImageEffects":true,"showParticleSystems":true},"in2DMode":false,"pivot":{"x":-4.711584091186523,"y":13.080349922180176,"z":-1.605790615081787},"rotation":{"x":-0.07422661781311035,"y":-0.9175329208374023,"z":0.20450210571289063,"w":-0.33287036418914797},"size":1.1431528329849244,"orthographic":false}