{"cameraMode":{"drawMode":0,"name":"Shaded","section":"Shading Mode"},"sceneLighting":false,"audioPlay":false,"sceneViewState":{"showFog":true,"showMaterialUpdate":false,"showSkybox":true,"showFlares":true,"showImageEffects":true,"showParticleSystems":true},"in2DMode":false,"pivot":{"x":-0.507818341255188,"y":-0.09056717157363892,"z":0.054695066064596179},"rotation":{"x":-0.29361608624458315,"y":0.4791508615016937,"z":-0.1740165650844574,"w":-0.8086546063423157},"size":22.0,"orthographic":false}