{"cameraMode":{"drawMode":0,"name":"Shaded","section":"Shading Mode"},"sceneLighting":false,"audioPlay":false,"sceneViewState":{"showFog":true,"showMaterialUpdate":false,"showSkybox":true,"showFlares":true,"showImageEffects":true,"showParticleSystems":true},"in2DMode":false,"pivot":{"x":0.20724374055862428,"y":1.2650794982910157,"z":-2.4198007583618166},"rotation":{"x":0.31952565908432009,"y":-0.5703451633453369,"z":0.2559741735458374,"w":0.7121004462242127},"size":2.413670778274536,"orthographic":false}