{"cameraMode":{"drawMode":0,"name":"Shaded","section":"Shading Mode"},"sceneLighting":false,"audioPlay":false,"sceneViewState":{"showFog":true,"showMaterialUpdate":false,"showSkybox":true,"showFlares":true,"showImageEffects":true,"showParticleSystems":true},"in2DMode":false,"pivot":{"x":5.960464477539063e-8,"y":3.4000000953674318,"z":-5.960464477539063e-8},"rotation":{"x":-0.06914053857326508,"y":0.8747203946113586,"z":-0.13115327060222627,"w":-0.4613921642303467},"size":0.15789729356765748,"orthographic":false}