{"cameraMode":{"drawMode":0,"name":"Shaded","section":"Shading Mode"},"sceneLighting":false,"audioPlay":false,"sceneViewState":{"showFog":true,"showMaterialUpdate":false,"showSkybox":true,"showFlares":true,"showImageEffects":true,"showParticleSystems":true},"in2DMode":false,"pivot":{"x":-0.12382525205612183,"y":0.23831450939178468,"z":0.027864515781402589},"rotation":{"x":0.03756742924451828,"y":-0.9007971286773682,"z":-0.07966191321611405,"w":-0.4252142310142517},"size":1.0804402828216553,"orthographic":false}