{"cameraMode":{"drawMode":0,"name":"Shaded","section":"Shading Mode"},"sceneLighting":false,"audioPlay":false,"sceneViewState":{"showFog":true,"showMaterialUpdate":false,"showSkybox":true,"showFlares":true,"showImageEffects":true,"showParticleSystems":true},"in2DMode":false,"pivot":{"x":-6.190911293029785,"y":13.056217193603516,"z":-1.2916237115859986},"rotation":{"x":-0.3422895669937134,"y":-0.22433601319789887,"z":0.0844944640994072,"w":-0.9084998965263367},"size":22.0,"orthographic":false}