{"cameraMode":{"drawMode":0,"name":"Shaded","section":"Shading Mode"},"sceneLighting":false,"audioPlay":false,"sceneViewState":{"showFog":true,"showMaterialUpdate":false,"showSkybox":true,"showFlares":true,"showImageEffects":true,"showParticleSystems":true},"in2DMode":false,"pivot":{"x":-6.72968864440918,"y":12.135030746459961,"z":-0.6042212247848511},"rotation":{"x":-0.4406070113182068,"y":0.010519112460315228,"z":-0.0051995255053043369,"w":-0.8976233601570129},"size":2.190488576889038,"orthographic":false}