{"cameraMode":{"drawMode":0,"name":"Shaded","section":"Shading Mode"},"sceneLighting":false,"audioPlay":false,"sceneViewState":{"showFog":true,"showMaterialUpdate":false,"showSkybox":true,"showFlares":true,"showImageEffects":true,"showParticleSystems":true},"in2DMode":false,"pivot":{"x":-6.407796859741211,"y":12.892719268798829,"z":-1.0006814002990723},"rotation":{"x":-0.38545066118240359,"y":-0.05004856735467911,"z":0.020907340571284295,"w":-0.9211329221725464},"size":1.348144769668579,"orthographic":false}