{"cameraMode":{"drawMode":0,"name":"Shaded","section":"Shading Mode"},"sceneLighting":false,"audioPlay":false,"sceneViewState":{"showFog":true,"showMaterialUpdate":false,"showSkybox":true,"showFlares":true,"showImageEffects":true,"showParticleSystems":true},"in2DMode":false,"pivot":{"x":10.655435562133789,"y":14.491973876953125,"z":3.3495676517486574},"rotation":{"x":-0.00827104039490223,"y":-0.4622768759727478,"z":0.004276451654732227,"w":-0.8866867423057556},"size":8.190367698669434,"orthographic":false}