{"cameraMode":{"drawMode":0,"name":"Shaded","section":"Shading Mode"},"sceneLighting":false,"audioPlay":false,"sceneViewState":{"showFog":true,"showMaterialUpdate":false,"showSkybox":true,"showFlares":true,"showImageEffects":true,"showParticleSystems":true},"in2DMode":false,"pivot":{"x":-4.676351547241211,"y":12.859999656677246,"z":-1.2268999814987183},"rotation":{"x":-0.022379640489816667,"y":-0.9775844812393189,"z":0.14205783605575562,"w":-0.1537768542766571},"size":0.6645254492759705,"orthographic":false}