{"cameraMode":{"drawMode":0,"name":"Shaded","section":"Shading Mode"},"sceneLighting":false,"audioPlay":false,"sceneViewState":{"showFog":true,"showMaterialUpdate":false,"showSkybox":true,"showFlares":true,"showImageEffects":true,"showParticleSystems":true},"in2DMode":false,"pivot":{"x":-6.190911293029785,"y":13.03689193725586,"z":-1.2941867113113404},"rotation":{"x":-0.2623736560344696,"y":0.1790732890367508,"z":-0.04965510591864586,"w":-0.9469040632247925},"size":2.4606587886810304,"orthographic":false}