{"cameraMode":{"drawMode":0,"name":"Shaded","section":"Shading Mode"},"sceneLighting":false,"audioPlay":false,"sceneViewState":{"showFog":true,"showMaterialUpdate":false,"showSkybox":true,"showFlares":true,"showImageEffects":true,"showParticleSystems":true},"in2DMode":false,"pivot":{"x":-7.904573440551758,"y":13.265436172485352,"z":-1.6924588680267335},"rotation":{"x":-0.3696088194847107,"y":-0.413364440202713,"z":0.1884511113166809,"w":-0.8105586767196655},"size":4.041658401489258,"orthographic":false}