{"cameraMode":{"drawMode":0,"name":"Shaded","section":"Shading Mode"},"sceneLighting":false,"audioPlay":false,"sceneViewState":{"showFog":true,"showMaterialUpdate":false,"showSkybox":true,"showFlares":true,"showImageEffects":true,"showParticleSystems":true},"in2DMode":false,"pivot":{"x":-6.348514556884766,"y":13.656210899353028,"z":-1.659236192703247},"rotation":{"x":-0.017395144328475,"y":0.6973031759262085,"z":-0.01697951927781105,"w":-0.7163640856742859},"size":2.4606587886810304,"orthographic":false}