{"cameraMode":{"drawMode":0,"name":"Shaded","section":"Shading Mode"},"sceneLighting":false,"audioPlay":false,"sceneViewState":{"showFog":true,"showMaterialUpdate":false,"showSkybox":true,"showFlares":true,"showImageEffects":true,"showParticleSystems":true},"in2DMode":false,"pivot":{"x":-6.309747219085693,"y":12.896891593933106,"z":1.3758134841918946},"rotation":{"x":-0.12931567430496217,"y":0.5916498303413391,"z":-0.09690998494625092,"w":-0.7898332476615906},"size":2.4606587886810304,"orthographic":false}