{"cameraMode":{"drawMode":0,"name":"Shaded","section":"Shading Mode"},"sceneLighting":true,"audioPlay":false,"sceneViewState":{"showFog":true,"showMaterialUpdate":false,"showSkybox":true,"showFlares":true,"showImageEffects":true,"showParticleSystems":true},"in2DMode":false,"pivot":{"x":368.71380615234377,"y":288.7145080566406,"z":-43.698665618896487},"rotation":{"x":0.004193572793155909,"y":-0.00326443649828434,"z":-0.000012806560334865935,"w":-0.9999858736991882},"size":592.395263671875,"orthographic":false}