{"cameraMode":{"drawMode":0,"name":"Shaded","section":"Shading Mode"},"sceneLighting":true,"audioPlay":false,"sceneViewState":{"showFog":true,"showMaterialUpdate":false,"showSkybox":true,"showFlares":true,"showImageEffects":true,"showParticleSystems":true},"in2DMode":false,"pivot":{"x":-0.9399339556694031,"y":14.062243461608887,"z":0.45338812470436098},"rotation":{"x":0.0620308555662632,"y":0.19631020724773408,"z":-0.012443771585822106,"w":0.9784986972808838},"size":11.002918243408204,"orthographic":false}