{"cameraMode":{"drawMode":0,"name":"Shaded","section":"Shading Mode"},"sceneLighting":true,"audioPlay":false,"sceneViewState":{"showFog":true,"showMaterialUpdate":false,"showSkybox":true,"showFlares":true,"showImageEffects":true,"showParticleSystems":true},"in2DMode":false,"pivot":{"x":-7.359867572784424,"y":13.696083068847657,"z":-13.056492805480957},"rotation":{"x":-0.3253195583820343,"y":-0.31627902388572695,"z":0.1164541020989418,"w":-0.8835005760192871},"size":5.061644554138184,"orthographic":false}