{"cameraMode":{"drawMode":0,"name":"Shaded","section":"Shading Mode"},"sceneLighting":true,"audioPlay":false,"sceneViewState":{"showFog":true,"showMaterialUpdate":false,"showSkybox":true,"showFlares":true,"showImageEffects":true,"showParticleSystems":true},"in2DMode":false,"pivot":{"x":-6.827167987823486,"y":13.323030471801758,"z":-13.464125633239746},"rotation":{"x":-0.2879803478717804,"y":0.6565114855766296,"z":-0.3005390465259552,"w":-0.629075825214386},"size":5.782107353210449,"orthographic":false}