{"cameraMode":{"drawMode":0,"name":"Shaded","section":"Shading Mode"},"sceneLighting":true,"audioPlay":false,"sceneViewState":{"showFog":true,"showMaterialUpdate":false,"showSkybox":true,"showFlares":true,"showImageEffects":true,"showParticleSystems":true},"in2DMode":false,"pivot":{"x":0.013908028602600098,"y":-7.640873908996582,"z":21.39807891845703},"rotation":{"x":-0.16009964048862458,"y":0.01274595782160759,"z":-0.0020739480387419464,"w":-0.9870164394378662},"size":37.746456146240237,"orthographic":false}