{"cameraMode":{"drawMode":0,"name":"Shaded","section":"Shading Mode"},"sceneLighting":true,"audioPlay":false,"sceneViewState":{"showFog":true,"showMaterialUpdate":false,"showSkybox":true,"showFlares":true,"showImageEffects":true,"showParticleSystems":true},"in2DMode":false,"pivot":{"x":-5.840691566467285,"y":6.01351261138916,"z":-1.817047119140625},"rotation":{"x":0.13340872526168824,"y":0.001479690195992589,"z":-0.00018449795607011765,"w":0.9910599589347839},"size":37.80321502685547,"orthographic":false}