{"cameraMode":{"drawMode":0,"name":"Shaded","section":"Shading Mode"},"sceneLighting":true,"audioPlay":false,"sceneViewState":{"showFog":true,"showMaterialUpdate":false,"showSkybox":true,"showFlares":true,"showImageEffects":true,"showParticleSystems":true},"in2DMode":false,"pivot":{"x":-13.030434608459473,"y":4.247624397277832,"z":-3.5673983097076418},"rotation":{"x":0.0033994438126683237,"y":0.7072944045066834,"z":-0.0033946256153285505,"w":0.7069028615951538},"size":53.824851989746097,"orthographic":false}