{"cameraMode":{"drawMode":0,"name":"Shaded","section":"Shading Mode"},"sceneLighting":false,"audioPlay":false,"sceneViewState":{"showFog":true,"showMaterialUpdate":false,"showSkybox":true,"showFlares":true,"showImageEffects":true,"showParticleSystems":true},"in2DMode":false,"pivot":{"x":-4.396629810333252,"y":16.088071823120118,"z":-2.6535871028900148},"rotation":{"x":0.22607071697711945,"y":-0.04674141854047775,"z":0.010860677808523178,"w":0.9729282855987549},"size":22.0,"orthographic":false}